GeoBg2010,_TYPE_,_FREQ_,Births_total,Births_prenat_adeq,Births_prenat_inad,Births_low_wt,Births_preterm,bgid
,0,30,30,17,4,4,7,
"DC Tract 1, block group 1",0,23,23,17,0,3,1,110010001001
"DC Tract 1, block group 2",0,16,16,13,0,0,1,110010001002
"DC Tract 1, block group 3",0,8,8,6,0,0,0,110010001003
"DC Tract 1, block group 4",0,27,27,18,1,3,6,110010001004
"DC Tract 2.02, block group 1",0,9,9,7,2,0,0,110010002021
"DC Tract 2.02, block group 2",0,7,7,5,0,0,0,110010002022
"DC Tract 2.02, block group 3",0,11,11,9,0,0,0,110010002023
"DC Tract 2.02, block group 4",0,11,11,9,0,0,0,110010002024
"DC Tract 3, block group 1",0,16,16,15,0,1,0,110010003001
"DC Tract 3, block group 2",0,20,20,15,1,1,0,110010003002
"DC Tract 3, block group 3",0,20,20,14,0,2,4,110010003003
"DC Tract 3, block group 4",0,29,29,23,0,4,4,110010003004
"DC Tract 4, block group 1",0,4,4,4,0,0,1,110010004001
"DC Tract 4, block group 2",0,11,11,9,2,2,2,110010004002
"DC Tract 5.01, block group 1",0,13,13,9,0,0,0,110010005011
"DC Tract 5.01, block group 2",0,16,16,9,1,1,3,110010005012
"DC Tract 5.02, block group 1",0,20,20,14,0,1,1,110010005021
"DC Tract 5.02, block group 2",0,13,13,12,0,0,0,110010005022
"DC Tract 6, block group 1",0,12,12,9,0,1,0,110010006001
"DC Tract 6, block group 2",0,7,7,7,0,0,0,110010006002
"DC Tract 6, block group 3",0,7,7,7,0,0,0,110010006003
"DC Tract 6, block group 4",0,18,18,15,0,0,0,110010006004
"DC Tract 7.01, block group 1",0,8,8,6,0,0,1,110010007011
"DC Tract 7.01, block group 2",0,25,25,17,1,1,3,110010007012
"DC Tract 7.01, block group 3",0,7,7,7,0,0,0,110010007013
"DC Tract 7.01, block group 4",0,11,11,7,1,1,0,110010007014
"DC Tract 7.02, block group 1",0,17,17,12,1,0,0,110010007021
"DC Tract 7.02, block group 2",0,12,12,8,0,0,0,110010007022
"DC Tract 7.02, block group 3",0,12,12,11,0,2,2,110010007023
"DC Tract 8.01, block group 1",0,13,13,11,0,1,1,110010008011
"DC Tract 8.01, block group 2",0,7,7,6,0,1,0,110010008012
"DC Tract 8.01, block group 3",0,17,17,12,1,1,2,110010008013
"DC Tract 8.01, block group 4",0,5,5,5,0,0,1,110010008014
"DC Tract 8.02, block group 1",0,26,26,22,0,3,0,110010008021
"DC Tract 8.02, block group 2",0,14,14,9,1,2,3,110010008022
"DC Tract 9.01, block group 1",0,12,12,9,0,1,3,110010009011
"DC Tract 9.01, block group 2",0,10,10,9,0,0,0,110010009012
"DC Tract 9.01, block group 3",0,13,13,10,0,0,1,110010009013
"DC Tract 9.02, block group 1",0,8,8,7,0,0,0,110010009021
"DC Tract 9.02, block group 2",0,8,8,8,0,0,1,110010009022
"DC Tract 10.01, block group 1",0,9,9,8,0,0,0,110010010011
"DC Tract 10.01, block group 2",0,17,17,13,0,1,3,110010010012
"DC Tract 10.01, block group 3",0,14,14,12,0,0,1,110010010013
"DC Tract 10.01, block group 4",0,14,14,13,0,1,0,110010010014
"DC Tract 10.01, block group 5",0,12,12,8,0,0,2,110010010015
"DC Tract 10.01, block group 6",0,15,15,8,1,0,0,110010010016
"DC Tract 10.02, block group 1",0,5,5,3,1,1,1,110010010021
"DC Tract 10.02, block group 2",0,24,24,22,0,0,1,110010010022
"DC Tract 10.02, block group 3",0,9,9,8,0,0,0,110010010023
"DC Tract 11, block group 1",0,15,15,13,1,1,2,110010011001
"DC Tract 11, block group 2",0,23,23,19,0,4,3,110010011002
"DC Tract 11, block group 3",0,9,9,9,0,0,0,110010011003
"DC Tract 11, block group 4",0,10,10,9,0,0,0,110010011004
"DC Tract 12, block group 1",0,21,21,18,2,0,0,110010012001
"DC Tract 12, block group 2",0,10,10,9,0,0,0,110010012002
"DC Tract 12, block group 3",0,7,7,5,1,1,0,110010012003
"DC Tract 12, block group 4",0,16,16,11,1,0,1,110010012004
"DC Tract 13.01, block group 1",0,18,18,15,0,0,0,110010013011
"DC Tract 13.01, block group 2",0,4,4,3,0,0,0,110010013012
"DC Tract 13.01, block group 3",0,12,12,8,0,0,1,110010013013
"DC Tract 13.02, block group 1",0,14,14,9,1,0,1,110010013021
"DC Tract 13.02, block group 2",0,35,35,25,5,1,1,110010013022
"DC Tract 13.02, block group 3",0,11,11,10,0,1,0,110010013023
"DC Tract 14.01, block group 1",0,17,17,14,3,2,1,110010014011
"DC Tract 14.01, block group 2",0,12,12,11,0,0,0,110010014012
"DC Tract 14.02, block group 1",0,17,17,14,0,1,1,110010014021
"DC Tract 14.02, block group 2",0,6,6,5,0,1,2,110010014022
"DC Tract 14.02, block group 3",0,16,16,13,0,0,0,110010014023
"DC Tract 15, block group 1",0,8,8,7,0,0,0,110010015001
"DC Tract 15, block group 2",0,8,8,7,0,1,1,110010015002
"DC Tract 15, block group 3",0,7,7,7,0,1,1,110010015003
"DC Tract 15, block group 4",0,10,10,6,0,0,0,110010015004
"DC Tract 15, block group 5",0,14,14,12,0,0,0,110010015005
"DC Tract 16, block group 1",0,6,6,3,0,0,1,110010016001
"DC Tract 16, block group 2",0,13,13,8,0,1,2,110010016002
"DC Tract 16, block group 3",0,8,8,3,0,1,1,110010016003
"DC Tract 16, block group 4",0,14,14,11,0,2,1,110010016004
"DC Tract 17.02, block group 1",0,23,23,19,0,0,1,110010017021
"DC Tract 17.02, block group 2",0,15,15,11,1,1,1,110010017022
"DC Tract 18.03, block group 1",0,24,24,10,3,2,3,110010018031
"DC Tract 18.03, block group 2",0,78,78,33,14,6,10,110010018032
"DC Tract 18.04, block group 1",0,25,25,10,3,0,1,110010018041
"DC Tract 18.04, block group 2",0,36,36,15,4,6,5,110010018042
"DC Tract 18.04, block group 3",0,79,79,29,12,5,7,110010018043
"DC Tract 19.01, block group 1",0,20,20,12,3,1,3,110010019011
"DC Tract 19.01, block group 2",0,14,14,4,3,3,2,110010019012
"DC Tract 19.01, block group 3",0,22,22,11,2,2,2,110010019013
"DC Tract 19.01, block group 4",0,14,14,12,0,0,1,110010019014
"DC Tract 19.02, block group 1",0,14,14,9,0,0,1,110010019021
"DC Tract 19.02, block group 2",0,11,11,9,0,2,2,110010019022
"DC Tract 20.01, block group 1",0,31,31,11,3,3,4,110010020011
"DC Tract 20.01, block group 2",0,12,12,7,0,0,0,110010020012
"DC Tract 20.02, block group 1",0,12,12,7,1,0,2,110010020021
"DC Tract 20.02, block group 2",0,41,41,15,9,1,1,110010020022
"DC Tract 20.02, block group 3",0,32,32,16,2,2,3,110010020023
"DC Tract 21.01, block group 1",0,39,39,13,3,6,3,110010021011
"DC Tract 21.01, block group 2",0,25,25,12,2,5,5,110010021012
"DC Tract 21.01, block group 3",0,27,27,18,2,1,3,110010021013
"DC Tract 21.01, block group 4",0,25,25,16,2,4,5,110010021014
"DC Tract 21.01, block group 5",0,13,13,6,1,1,2,110010021015
"DC Tract 21.02, block group 1",0,15,15,8,3,1,0,110010021021
"DC Tract 21.02, block group 2",0,10,10,7,1,0,0,110010021022
"DC Tract 21.02, block group 3",0,12,12,9,1,1,0,110010021023
"DC Tract 21.02, block group 4",0,12,12,5,2,1,0,110010021024
"DC Tract 21.02, block group 5",0,11,11,6,2,1,2,110010021025
"DC Tract 21.02, block group 6",0,20,20,13,2,1,2,110010021026
"DC Tract 22.01, block group 1",0,20,20,12,1,3,3,110010022011
"DC Tract 22.01, block group 2",0,48,48,25,8,10,7,110010022012
"DC Tract 22.01, block group 3",0,23,23,5,5,4,7,110010022013
"DC Tract 22.02, block group 1",0,39,39,21,2,2,2,110010022021
"DC Tract 22.02, block group 2",0,17,17,8,0,1,0,110010022022
"DC Tract 22.02, block group 3",0,23,23,9,5,1,1,110010022023
"DC Tract 23.01, block group 1",0,24,24,14,1,0,1,110010023011
"DC Tract 23.01, block group 2",0,44,44,24,2,2,3,110010023012
"DC Tract 23.02, block group 1",0,7,7,4,1,1,1,110010023021
"DC Tract 24, block group 1",0,19,19,10,2,3,3,110010024001
"DC Tract 24, block group 2",0,19,19,8,2,0,0,110010024002
"DC Tract 24, block group 3",0,23,23,12,1,1,4,110010024003
"DC Tract 24, block group 4",0,13,13,8,0,0,0,110010024004
"DC Tract 25.01, block group 1",0,15,15,5,4,3,3,110010025011
"DC Tract 25.01, block group 2",0,26,26,14,0,1,2,110010025012
"DC Tract 25.02, block group 1",0,29,29,14,4,0,0,110010025021
"DC Tract 25.02, block group 2",0,18,18,10,2,1,0,110010025022
"DC Tract 25.02, block group 3",0,25,25,18,1,3,2,110010025023
"DC Tract 25.02, block group 4",0,48,48,26,1,4,4,110010025024
"DC Tract 26, block group 1",0,13,13,7,1,2,0,110010026001
"DC Tract 26, block group 2",0,13,13,9,0,0,1,110010026002
"DC Tract 27.01, block group 1",0,11,11,8,1,0,0,110010027011
"DC Tract 27.01, block group 2",0,28,28,15,3,4,1,110010027012
"DC Tract 27.01, block group 3",0,13,13,10,0,0,2,110010027013
"DC Tract 27.01, block group 4",0,34,34,18,0,3,3,110010027014
"DC Tract 27.02, block group 1",0,24,24,13,2,0,0,110010027021
"DC Tract 27.02, block group 2",0,41,41,27,1,3,4,110010027022
"DC Tract 27.02, block group 3",0,12,12,9,0,0,0,110010027023
"DC Tract 28.01, block group 1",0,17,17,7,4,2,1,110010028011
"DC Tract 28.01, block group 2",0,57,57,21,8,4,4,110010028012
"DC Tract 28.02, block group 1",0,44,44,23,1,4,4,110010028021
"DC Tract 28.02, block group 2",0,25,25,12,1,1,1,110010028022
"DC Tract 29, block group 1",0,40,40,27,2,2,3,110010029001
"DC Tract 29, block group 2",0,47,47,27,5,3,3,110010029002
"DC Tract 30, block group 1",0,15,15,10,0,0,0,110010030001
"DC Tract 30, block group 2",0,30,30,14,2,3,4,110010030002
"DC Tract 31, block group 1",0,62,62,39,1,3,4,110010031001
"DC Tract 32, block group 1",0,13,13,10,0,1,0,110010032001
"DC Tract 32, block group 2",0,20,20,11,3,1,0,110010032002
"DC Tract 32, block group 3",0,21,21,11,1,3,4,110010032003
"DC Tract 32, block group 4",0,29,29,14,1,2,1,110010032004
"DC Tract 33.01, block group 1",0,22,22,15,2,5,4,110010033011
"DC Tract 33.01, block group 2",0,10,10,6,0,1,1,110010033012
"DC Tract 33.01, block group 3",0,15,15,8,1,0,0,110010033013
"DC Tract 33.02, block group 1",0,20,20,10,1,2,1,110010033021
"DC Tract 33.02, block group 2",0,18,18,11,1,0,0,110010033022
"DC Tract 34, block group 1",0,23,23,11,3,4,4,110010034001
"DC Tract 34, block group 2",0,26,26,12,5,4,4,110010034002
"DC Tract 35, block group 1",0,21,21,10,2,0,0,110010035001
"DC Tract 35, block group 2",0,18,18,4,3,2,1,110010035002
"DC Tract 36, block group 1",0,54,54,22,9,4,4,110010036001
"DC Tract 36, block group 2",0,15,15,10,0,1,1,110010036002
"DC Tract 36, block group 3",0,11,11,10,0,0,0,110010036003
"DC Tract 37, block group 1",0,21,21,12,1,1,2,110010037001
"DC Tract 37, block group 2",0,34,34,20,5,3,5,110010037002
"DC Tract 37, block group 3",0,24,24,11,2,1,0,110010037003
"DC Tract 38, block group 1",0,29,29,20,4,3,3,110010038001
"DC Tract 38, block group 2",0,28,28,22,0,2,2,110010038002
"DC Tract 38, block group 3",0,9,9,6,1,1,2,110010038003
"DC Tract 39, block group 1",0,22,22,15,2,1,0,110010039001
"DC Tract 39, block group 2",0,10,10,6,1,0,0,110010039002
"DC Tract 39, block group 3",0,14,14,10,0,0,0,110010039003
"DC Tract 39, block group 4",0,21,21,18,1,3,1,110010039004
"DC Tract 40.01, block group 1",0,14,14,11,1,2,0,110010040011
"DC Tract 40.01, block group 2",0,4,4,2,0,0,0,110010040012
"DC Tract 40.01, block group 3",0,21,21,14,0,1,3,110010040013
"DC Tract 40.02, block group 1",0,5,5,4,0,0,0,110010040021
"DC Tract 40.02, block group 2",0,15,15,13,0,1,0,110010040022
"DC Tract 40.02, block group 3",0,4,4,4,0,0,0,110010040023
"DC Tract 41, block group 1",0,7,7,5,0,0,1,110010041001
"DC Tract 41, block group 2",0,7,7,5,0,0,0,110010041002
"DC Tract 41, block group 3",0,6,6,3,0,0,0,110010041003
"DC Tract 42.01, block group 1",0,18,18,13,0,0,0,110010042011
"DC Tract 42.01, block group 2",0,14,14,10,1,0,0,110010042012
"DC Tract 42.02, block group 1",0,11,11,9,1,0,0,110010042021
"DC Tract 42.02, block group 2",0,8,8,5,1,0,0,110010042022
"DC Tract 43, block group 1",0,23,23,15,1,1,0,110010043001
"DC Tract 43, block group 2",0,14,14,10,1,0,0,110010043002
"DC Tract 44, block group 1",0,39,39,27,1,1,1,110010044001
"DC Tract 44, block group 2",0,20,20,13,1,2,2,110010044002
"DC Tract 46, block group 1",0,18,18,14,2,1,0,110010046001
"DC Tract 46, block group 2",0,24,24,16,0,1,1,110010046002
"DC Tract 47.01, block group 1",0,27,27,11,3,6,6,110010047011
"DC Tract 47.01, block group 2",0,42,42,17,4,6,6,110010047012
"DC Tract 47.02, block group 1",0,32,32,22,0,4,4,110010047021
"DC Tract 48.01, block group 1",0,35,35,25,1,4,5,110010048011
"DC Tract 48.02, block group 1",0,19,19,13,1,1,2,110010048021
"DC Tract 48.02, block group 2",0,24,24,12,2,1,1,110010048022
"DC Tract 49.01, block group 1",0,26,26,7,3,5,5,110010049011
"DC Tract 49.01, block group 2",0,13,13,7,0,0,2,110010049012
"DC Tract 49.02, block group 1",0,17,17,9,1,0,1,110010049021
"DC Tract 49.02, block group 2",0,24,24,21,1,0,0,110010049022
"DC Tract 50.01, block group 1",0,7,7,6,0,0,0,110010050011
"DC Tract 50.01, block group 2",0,11,11,7,0,3,1,110010050012
"DC Tract 50.02, block group 1",0,25,25,14,2,3,3,110010050021
"DC Tract 50.02, block group 2",0,16,16,7,2,2,1,110010050022
"DC Tract 50.02, block group 3",0,10,10,8,0,4,6,110010050023
"DC Tract 50.02, block group 4",0,12,12,8,0,2,1,110010050024
"DC Tract 52.01, block group 1",0,13,13,10,0,2,2,110010052011
"DC Tract 52.01, block group 2",0,8,8,6,0,1,0,110010052012
"DC Tract 52.01, block group 3",0,10,10,9,1,1,2,110010052013
"DC Tract 52.01, block group 4",0,23,23,16,0,1,2,110010052014
"DC Tract 53.01, block group 1",0,14,14,12,1,3,2,110010053011
"DC Tract 53.01, block group 2",0,4,4,3,0,0,0,110010053012
"DC Tract 53.01, block group 3",0,4,4,2,0,0,0,110010053013
"DC Tract 53.01, block group 4",0,7,7,6,1,0,0,110010053014
"DC Tract 55, block group 1",0,8,8,5,0,0,0,110010055001
"DC Tract 55, block group 2",0,40,40,32,1,3,2,110010055002
"DC Tract 55, block group 3",0,15,15,7,5,2,0,110010055003
"DC Tract 55, block group 4",0,5,5,2,0,0,0,110010055004
"DC Tract 55, block group 5",0,5,5,4,1,0,0,110010055005
"DC Tract 56, block group 1",0,10,10,8,1,0,0,110010056001
"DC Tract 56, block group 2",0,17,17,13,0,3,0,110010056002
"DC Tract 56, block group 3",0,3,3,2,0,1,1,110010056003
"DC Tract 56, block group 4",0,13,13,9,1,0,1,110010056004
"DC Tract 58, block group 1",0,24,24,20,2,2,2,110010058001
"DC Tract 58, block group 2",0,19,19,14,0,2,1,110010058002
"DC Tract 59, block group 1",0,14,14,8,1,2,2,110010059001
"DC Tract 62.02, block group 1",0,4,4,2,0,0,0,110010062021
"DC Tract 64, block group 1",0,25,25,13,1,2,2,110010064001
"DC Tract 64, block group 2",0,27,27,12,2,6,4,110010064002
"DC Tract 65, block group 1",0,11,11,10,0,0,0,110010065001
"DC Tract 65, block group 2",0,25,25,19,0,2,1,110010065002
"DC Tract 66, block group 1",0,22,22,15,0,0,0,110010066001
"DC Tract 67, block group 1",0,23,23,17,0,0,0,110010067001
"DC Tract 67, block group 2",0,17,17,16,0,0,0,110010067002
"DC Tract 67, block group 3",0,20,20,18,0,1,2,110010067003
"DC Tract 68.01, block group 1",0,29,29,23,1,4,3,110010068011
"DC Tract 68.01, block group 2",0,11,11,5,0,0,2,110010068012
"DC Tract 68.02, block group 1",0,21,21,13,0,2,2,110010068021
"DC Tract 68.02, block group 2",0,31,31,22,1,1,1,110010068022
"DC Tract 68.04, block group 1",0,15,15,3,2,4,3,110010068041
"DC Tract 69, block group 1",0,37,37,21,1,3,5,110010069001
"DC Tract 69, block group 2",0,23,23,18,0,0,1,110010069002
"DC Tract 70, block group 1",0,28,28,23,0,1,0,110010070001
"DC Tract 70, block group 2",0,18,18,13,1,0,1,110010070002
"DC Tract 71, block group 1",0,16,16,8,0,3,3,110010071001
"DC Tract 71, block group 2",0,39,39,25,5,4,2,110010071002
"DC Tract 72, block group 1",0,44,44,32,1,2,1,110010072001
"DC Tract 72, block group 2",0,16,16,10,1,1,1,110010072002
"DC Tract 73.01, block group 1",0,113,113,49,7,8,10,110010073011
"DC Tract 73.04, block group 1",0,56,56,18,5,7,7,110010073041
"DC Tract 73.04, block group 2",0,6,6,3,1,0,0,110010073042
"DC Tract 73.04, block group 3",0,21,21,3,6,3,4,110010073043
"DC Tract 74.01, block group 1",0,33,33,14,3,5,3,110010074011
"DC Tract 74.01, block group 2",0,27,27,9,6,4,4,110010074012
"DC Tract 74.03, block group 1",0,62,62,21,8,5,7,110010074031
"DC Tract 74.04, block group 1",0,53,53,20,2,9,4,110010074041
"DC Tract 74.04, block group 2",0,16,16,6,2,2,1,110010074042
"DC Tract 74.04, block group 3",0,6,6,2,2,0,0,110010074043
"DC Tract 74.06, block group 1",0,28,28,6,1,8,8,110010074061
"DC Tract 74.06, block group 2",0,50,50,14,4,8,5,110010074062
"DC Tract 74.07, block group 1",0,13,13,4,3,1,1,110010074071
"DC Tract 74.07, block group 2",0,38,38,13,4,5,5,110010074072
"DC Tract 74.08, block group 1",0,62,62,19,6,10,10,110010074081
"DC Tract 74.09, block group 1",0,17,17,7,2,3,2,110010074091
"DC Tract 74.09, block group 2",0,39,39,18,7,5,4,110010074092
"DC Tract 74.09, block group 3",0,37,37,15,3,8,9,110010074093
"DC Tract 75.02, block group 1",0,57,57,22,8,6,2,110010075021
"DC Tract 75.02, block group 2",0,49,49,14,6,5,4,110010075022
"DC Tract 75.03, block group 1",0,14,14,4,2,2,1,110010075031
"DC Tract 75.03, block group 2",0,44,44,13,6,5,4,110010075032
"DC Tract 75.04, block group 1",0,60,60,25,4,16,8,110010075041
"DC Tract 76.01, block group 1",0,15,15,5,3,0,0,110010076011
"DC Tract 76.01, block group 2",0,8,8,1,2,0,0,110010076012
"DC Tract 76.01, block group 3",0,24,24,7,4,5,2,110010076013
"DC Tract 76.01, block group 4",0,13,13,3,3,2,3,110010076014
"DC Tract 76.01, block group 5",0,16,16,8,2,1,1,110010076015
"DC Tract 76.03, block group 1",0,12,12,5,2,3,4,110010076031
"DC Tract 76.03, block group 2",0,12,12,5,2,2,1,110010076032
"DC Tract 76.03, block group 3",0,8,8,2,1,2,1,110010076033
"DC Tract 76.03, block group 4",0,20,20,9,2,0,1,110010076034
"DC Tract 76.04, block group 1",0,16,16,8,1,1,2,110010076041
"DC Tract 76.04, block group 2",0,16,16,4,2,2,4,110010076042
"DC Tract 76.04, block group 3",0,18,18,9,1,2,2,110010076043
"DC Tract 76.05, block group 1",0,13,13,6,0,1,1,110010076051
"DC Tract 76.05, block group 2",0,29,29,12,5,2,4,110010076052
"DC Tract 76.05, block group 3",0,17,17,7,2,2,2,110010076053
"DC Tract 77.03, block group 1",0,15,15,10,1,2,2,110010077031
"DC Tract 77.03, block group 2",0,21,21,7,3,4,4,110010077032
"DC Tract 77.03, block group 3",0,53,53,17,2,6,7,110010077033
"DC Tract 77.03, block group 4",0,17,17,6,2,2,1,110010077034
"DC Tract 77.07, block group 1",0,55,55,15,5,7,5,110010077071
"DC Tract 77.07, block group 2",0,19,19,5,1,2,3,110010077072
"DC Tract 77.08, block group 1",0,25,25,9,2,5,2,110010077081
"DC Tract 77.08, block group 2",0,27,27,9,1,6,6,110010077082
"DC Tract 77.09, block group 1",0,16,16,9,4,2,4,110010077091
"DC Tract 77.09, block group 2",0,13,13,4,3,0,0,110010077092
"DC Tract 78.03, block group 1",0,11,11,4,2,3,2,110010078031
"DC Tract 78.03, block group 2",0,18,18,6,2,2,3,110010078032
"DC Tract 78.03, block group 3",0,8,8,3,2,1,1,110010078033
"DC Tract 78.03, block group 4",0,29,29,11,6,5,5,110010078034
"DC Tract 78.04, block group 1",0,15,15,0,3,1,1,110010078041
"DC Tract 78.04, block group 2",0,34,34,6,5,4,4,110010078042
"DC Tract 78.04, block group 3",0,9,9,6,0,0,2,110010078043
"DC Tract 78.06, block group 1",0,24,24,10,4,7,7,110010078061
"DC Tract 78.06, block group 2",0,23,23,7,4,2,2,110010078062
"DC Tract 78.07, block group 1",0,17,17,5,5,3,1,110010078071
"DC Tract 78.07, block group 2",0,17,17,6,3,3,2,110010078072
"DC Tract 78.08, block group 1",0,43,43,11,3,4,4,110010078081
"DC Tract 78.08, block group 2",0,15,15,5,2,2,1,110010078082
"DC Tract 78.08, block group 3",0,19,19,9,2,3,4,110010078083
"DC Tract 78.09, block group 1",0,39,39,15,4,5,8,110010078091
"DC Tract 78.09, block group 2",0,16,16,4,5,1,2,110010078092
"DC Tract 79.01, block group 1",0,14,14,3,2,1,1,110010079011
"DC Tract 79.01, block group 2",0,22,22,14,2,1,2,110010079012
"DC Tract 79.01, block group 3",0,18,18,8,2,2,1,110010079013
"DC Tract 79.01, block group 4",0,24,24,11,1,2,2,110010079014
"DC Tract 79.03, block group 1",0,24,24,9,3,0,0,110010079031
"DC Tract 80.01, block group 1",0,14,14,12,0,2,1,110010080011
"DC Tract 80.01, block group 2",0,35,35,26,3,1,1,110010080012
"DC Tract 80.01, block group 3",0,16,16,14,0,0,0,110010080013
"DC Tract 80.02, block group 1",0,29,29,19,1,2,1,110010080021
"DC Tract 80.02, block group 2",0,47,47,37,2,4,5,110010080022
"DC Tract 81, block group 1",0,14,14,10,1,3,3,110010081001
"DC Tract 81, block group 2",0,20,20,13,0,4,3,110010081002
"DC Tract 81, block group 3",0,14,14,12,1,1,1,110010081003
"DC Tract 82, block group 1",0,16,16,14,0,0,1,110010082001
"DC Tract 82, block group 2",0,22,22,13,1,1,1,110010082002
"DC Tract 83.01, block group 1",0,25,25,17,1,3,2,110010083011
"DC Tract 83.01, block group 2",0,22,22,16,2,2,1,110010083012
"DC Tract 83.02, block group 1",0,41,41,26,2,2,1,110010083021
"DC Tract 84.02, block group 1",0,22,22,14,0,5,1,110010084021
"DC Tract 84.02, block group 2",0,19,19,11,0,2,2,110010084022
"DC Tract 84.10, block group 1",0,34,34,25,0,4,5,110010084101
"DC Tract 87.01, block group 1",0,12,12,6,0,1,1,110010087011
"DC Tract 87.01, block group 2",0,25,25,10,2,4,4,110010087012
"DC Tract 87.02, block group 1",0,24,24,12,3,1,3,110010087021
"DC Tract 87.02, block group 2",0,18,18,7,0,1,2,110010087022
"DC Tract 88.02, block group 1",0,8,8,3,2,1,1,110010088021
"DC Tract 88.02, block group 2",0,15,15,6,2,1,0,110010088022
"DC Tract 88.02, block group 3",0,26,26,12,3,2,1,110010088023
"DC Tract 88.02, block group 4",0,22,22,10,3,2,3,110010088024
"DC Tract 88.03, block group 1",0,27,27,10,5,4,3,110010088031
"DC Tract 88.04, block group 1",0,23,23,9,4,4,5,110010088041
"DC Tract 88.04, block group 2",0,31,31,8,3,3,3,110010088042
"DC Tract 89.03, block group 1",0,29,29,9,2,3,2,110010089031
"DC Tract 89.03, block group 2",0,17,17,7,1,1,1,110010089032
"DC Tract 89.04, block group 1",0,47,47,13,7,4,3,110010089041
"DC Tract 89.04, block group 2",0,15,15,4,1,3,2,110010089042
"DC Tract 90, block group 1",0,22,22,12,1,3,3,110010090001
"DC Tract 90, block group 2",0,14,14,4,2,3,2,110010090002
"DC Tract 91.02, block group 1",0,11,11,7,1,1,2,110010091021
"DC Tract 91.02, block group 2",0,56,56,17,6,7,6,110010091022
"DC Tract 91.02, block group 3",0,30,30,9,3,6,6,110010091023
"DC Tract 92.01, block group 1",0,35,35,19,3,6,5,110010092011
"DC Tract 92.03, block group 1",0,17,17,8,2,3,3,110010092031
"DC Tract 92.03, block group 2",0,24,24,13,3,4,2,110010092032
"DC Tract 92.04, block group 1",0,11,11,1,2,0,1,110010092041
"DC Tract 92.04, block group 2",0,30,30,10,4,4,1,110010092042
"DC Tract 93.01, block group 1",0,19,19,10,0,3,4,110010093011
"DC Tract 93.01, block group 2",0,23,23,16,1,1,4,110010093012
"DC Tract 93.01, block group 3",0,16,16,12,0,1,1,110010093013
"DC Tract 93.01, block group 4",0,11,11,8,0,0,0,110010093014
"DC Tract 93.02, block group 1",0,19,19,11,2,1,2,110010093021
"DC Tract 94, block group 1",0,3,3,1,0,0,0,110010094001
"DC Tract 94, block group 2",0,24,24,14,1,2,3,110010094002
"DC Tract 94, block group 3",0,20,20,10,1,5,2,110010094003
"DC Tract 94, block group 4",0,12,12,9,0,0,0,110010094004
"DC Tract 95.01, block group 1",0,52,52,20,2,2,5,110010095011
"DC Tract 95.01, block group 2",0,9,9,3,1,0,0,110010095012
"DC Tract 95.01, block group 3",0,11,11,6,0,2,1,110010095013
"DC Tract 95.03, block group 1",0,22,22,10,2,3,1,110010095031
"DC Tract 95.03, block group 2",0,10,10,8,0,1,1,110010095032
"DC Tract 95.03, block group 3",0,17,17,12,0,1,0,110010095033
"DC Tract 95.04, block group 1",0,21,21,13,1,1,1,110010095041
"DC Tract 95.04, block group 2",0,19,19,10,1,2,2,110010095042
"DC Tract 95.05, block group 1",0,6,6,1,1,0,0,110010095051
"DC Tract 95.05, block group 2",0,17,17,10,1,1,2,110010095052
"DC Tract 95.05, block group 3",0,21,21,7,1,0,1,110010095053
"DC Tract 95.07, block group 1",0,18,18,12,1,2,2,110010095071
"DC Tract 95.08, block group 1",0,26,26,7,7,0,1,110010095081
"DC Tract 95.08, block group 2",0,20,20,11,2,2,3,110010095082
"DC Tract 95.08, block group 3",0,14,14,7,0,3,2,110010095083
"DC Tract 95.09, block group 1",0,11,11,6,0,1,1,110010095091
"DC Tract 95.09, block group 2",0,12,12,9,2,1,1,110010095092
"DC Tract 95.09, block group 3",0,14,14,8,0,3,2,110010095093
"DC Tract 96.01, block group 1",0,66,66,16,9,13,12,110010096011
"DC Tract 96.02, block group 1",0,33,33,22,2,1,3,110010096021
"DC Tract 96.02, block group 2",0,36,36,9,2,6,3,110010096022
"DC Tract 96.03, block group 1",0,35,35,15,3,8,10,110010096031
"DC Tract 96.03, block group 2",0,11,11,7,1,2,0,110010096032
"DC Tract 96.03, block group 3",0,17,17,3,6,3,2,110010096033
"DC Tract 96.04, block group 1",0,12,12,4,2,0,2,110010096041
"DC Tract 96.04, block group 2",0,9,9,4,0,0,1,110010096042
"DC Tract 97, block group 1",0,50,50,14,4,6,3,110010097001
"DC Tract 97, block group 2",0,8,8,4,1,1,0,110010097002
"DC Tract 98.01, block group 1",0,39,39,11,7,2,5,110010098011
"DC Tract 98.02, block group 1",0,16,16,6,0,1,1,110010098021
"DC Tract 98.02, block group 2",0,28,28,7,5,4,3,110010098022
"DC Tract 98.03, block group 1",0,23,23,11,1,1,2,110010098031
"DC Tract 98.03, block group 2",0,20,20,8,0,3,4,110010098032
"DC Tract 98.03, block group 3",0,22,22,7,3,2,1,110010098033
"DC Tract 98.04, block group 1",0,30,30,13,2,3,2,110010098041
"DC Tract 98.04, block group 2",0,16,16,7,2,0,0,110010098042
"DC Tract 98.07, block group 1",0,9,9,3,1,0,0,110010098071
"DC Tract 98.07, block group 2",0,34,34,13,4,3,3,110010098072
"DC Tract 98.10, block group 1",0,39,39,14,3,6,9,110010098101
"DC Tract 98.10, block group 2",0,23,23,6,1,7,6,110010098102
"DC Tract 98.11, block group 1",0,64,64,18,10,10,9,110010098111
"DC Tract 98.11, block group 2",0,71,71,20,10,10,10,110010098112
"DC Tract 99.01, block group 1",0,9,9,4,0,2,2,110010099011
"DC Tract 99.01, block group 2",0,13,13,7,0,0,1,110010099012
"DC Tract 99.02, block group 1",0,17,17,8,3,1,1,110010099021
"DC Tract 99.02, block group 2",0,24,24,11,1,4,2,110010099022
"DC Tract 99.03, block group 1",0,18,18,9,2,2,3,110010099031
"DC Tract 99.03, block group 2",0,10,10,3,0,1,1,110010099032
"DC Tract 99.04, block group 1",0,19,19,7,1,0,1,110010099041
"DC Tract 99.04, block group 2",0,43,43,19,4,6,8,110010099042
"DC Tract 99.05, block group 1",0,26,26,6,3,3,3,110010099051
"DC Tract 99.05, block group 2",0,8,8,5,1,1,3,110010099052
"DC Tract 99.05, block group 3",0,15,15,5,4,4,5,110010099053
"DC Tract 99.06, block group 1",0,28,28,10,5,4,2,110010099061
"DC Tract 99.07, block group 1",0,14,14,4,2,3,3,110010099071
"DC Tract 99.07, block group 2",0,45,45,15,5,8,7,110010099072
"DC Tract 101, block group 1",0,23,23,16,3,2,1,110010101001
"DC Tract 101, block group 2",0,1,1,1,0,0,0,110010101002
"DC Tract 102, block group 1",0,14,14,10,0,4,5,110010102001
"DC Tract 102, block group 2",0,9,9,7,0,2,0,110010102002
"DC Tract 103, block group 1",0,13,13,4,2,0,0,110010103001
"DC Tract 103, block group 2",0,17,17,12,0,0,0,110010103002
"DC Tract 103, block group 3",0,24,24,13,0,3,3,110010103003
"DC Tract 104, block group 1",0,23,23,10,4,1,2,110010104001
"DC Tract 104, block group 2",0,57,57,17,5,11,8,110010104002
"DC Tract 105, block group 1",0,48,48,20,2,4,3,110010105001
"DC Tract 105, block group 2",0,18,18,14,0,3,2,110010105002
"DC Tract 106, block group 1",0,18,18,12,2,1,0,110010106001
"DC Tract 106, block group 2",0,62,62,43,1,6,5,110010106002
"DC Tract 106, block group 3",0,13,13,10,0,0,0,110010106003
"DC Tract 107, block group 1",0,11,11,6,3,1,2,110010107001
"DC Tract 107, block group 2",0,8,8,6,1,0,0,110010107002
"DC Tract 108, block group 1",0,5,5,5,0,0,0,110010108001
"DC Tract 108, block group 2",0,3,3,2,0,0,1,110010108002
"DC Tract 108, block group 3",0,3,3,2,0,0,0,110010108003
"DC Tract 109, block group 1",0,30,30,9,8,8,8,110010109001
"DC Tract 109, block group 2",0,25,25,6,2,6,5,110010109002
"DC Tract 110, block group 1",0,5,5,1,3,0,0,110010110001
"DC Tract 110, block group 2",0,8,8,7,0,0,1,110010110002
"DC Tract 110, block group 3",0,1,1,1,0,0,1,110010110003
"DC Tract 110, block group 4",0,9,9,7,0,0,1,110010110004
"DC Tract 111, block group 1",0,30,30,10,4,6,4,110010111001
"DC Tract 111, block group 2",0,35,35,19,2,5,5,110010111002
"DC Tract 111, block group 3",0,18,18,9,2,3,3,110010111003
